text,label
"Po asi 3 měsících přestalo fungovat jedno sluchátko, ale po zaslání do servisu opět funkční",0
"Proste jabko, vše funguje jak má",1
"Hlasitost, kvalita zvuku ok",1
nevejdou se mi do uší pořád vypadávaji ….,0
"Jsem maximálně spokojená. Konečně sluchátka, u kterých mě slyší i lidi když jedu autobusem.",1
Přešel jsem po 9 letech z airpods 1. generace a rozdíl kvality zvuku je obrovský,1
"Myslela jsem, že Airpody budou kvalitativně na vyšší úrovni než jiná sluchátka, ale buď neumím poznat kvalitu nebo nebo tam žádná přidaná hodnota není. Čekala jsem víc.",1
apple - co jiného,1
ok,1
nic,0
"Poměr ,kvalita a cena v akci je přijatelná. Jinak reprodukce zvuku jen průměrná.",1
Zvuk,1
Nutnost pouzdra,0
"Protože to jsou pecky, zvuk je slyšet venku!!!",0
"Super cena, parádně hrají",1
Cena ,1
Rozhodně lepší než předchozí generace,1
Líp sedí,1
Sluchátka svěle hrají,1
Mají perfektní basy,1
Apple Kompatibilita,1
Vydrží dlouho hrát na plné nabití,1
nic,0
bezkonkurenční zvuk,1
cena,0
poměr cena / výkon,1
dobře sedí v uchu,1
dobrý zvuk,1
krásně sedí v uchu,1
super zvuk,1
velká výdrž,1
žádné,0
Sna jsou super,1
Krásný zvuk,1
Super basy,1
"ehm, nic extra za 3k",1
neumí ovládat hlasitost,0
zvuk jak sluchátka za litr,0
přecházím z galaxy buds live a jako dost downgrade,0
chytat furt na šulinka abych ovládal sluchátka a pak je zase srovnat do ucha a u toho si zas zastavit track... začarovaný kolečko,0
za 3000 ve slevě nechápu co jsem dostal,0
sluchátka z roku 2020 mi toho dala víc,0
úroveň sencoru,0
kvalita + baterie,1
cena,0
Jsou velice malý,1
Vzhledově jsou hezké,1
Nesedí do uší,0
Bolí z toho uši,0
"Super zvuk , dobrý funkce",1
Nic,0
Čistý zvuk a dlouhá výdrž baterie.,1
funkce,1
apple kompatibilita,1
"Když si pomyslím, že bych takto drahé pecky zratil, tak mi je do breku..",0
"zvuk je trochu tupý, nelze přizpůsobit",0
cena,0
"skvělý zvuk, pohodlné v uchu a zároveň drží pevně",1
integrace s iOS,1
sluchátka edifier za 500 hraji lépe,0
stačí jeden telefonát a baterie levého sluchátka ukazuje 35 a pravého 77 procent,0
nesedí v uchu,0
bomba,1
bez drátu je to prostě jednodušší,1
"celkem dlouhá výdrž baterie, sluchátka se pořád postupně dobíjí",1
riziko ztráty,0
Spokojen,1
Fantastické,1
Jsou super,1
"Příjemný poslech, kvalita provedení",1
rychlé doručení,1
fantastický zvuk,1
hned poznám když jsou připojená,1
rychlé připojení,1
nic,0
"super, dcera je naprosto spokojená",1
"není to top, druhé sluchátka lépe sedí v uších",0
nabíjení je přes starší koncovku,0
Pro mě velmi dobře drží v uchu,1
Krásný zvuk i basy,1
Rychlé připojení (zkušenost s iPhonem),1
Doplňují se s iPhone eco-systémem,1
výdrž na běžné užívání zcela dostačující,1
"hrají hezky, nicméně neočekávejte nic extra, basy odpovídají sluchátkům za 2 - 3 tisíce Kč",1
"na rozdíl od ostatních bezdrátových sluchátek jsou s plně kompatibilní s iPhonem, takže mi nezlobí připojování",1
"pokud máte na pouzdro jakýkoliv obal, je špatně vidět dioda na pouzdru (mohla by svítit více)",0
cena,1
vypadávání z uší,0
Mě osobně sluchátka nevypadávají z uší a mam pocit jako kdyby jsem v uších žádný sluchátka neměl,1
dobrý,1
Ocekavana kvalita,1
Vyssi cena,0
normalni airpods :-) pro mne jiz nekolikate a vzdy se vracim,1
Umi zapipat kdyz je hledate,1
Potlaceni sumu bohuzel stoji jeste vic,0
Kvalitní zvuk,1
Okolni hluk  není  slyšet ,1
Snadné spárování ,1
Perfektně drží v uchu ,1
Nevypadávají ani při sportu,1
Jednoduchá ovládání bez použití telefonu ,1
Skvělá cena za tuto značku sluchátek ,1
Při telefonování mě krásně slyší i druhá strana,1
Bohužel nabíječka není součástí,0
Zatím max spokojenost,1
Zvuk ok,1
"Za ty peníze to propustí hrozně moc hluku, pro cestování v MHD jsou nepoužitelné, protože slyšíte stejně úplně všechno zvenku, jak kdybyste sluchátka vlastně neměli. Vyplatí se připlatit si a koupit si ty s tou redukcí zvenku.",0
"Velmi pohodlné, už dlouho jsem si je přála",1
dlouhá výdrž,1
dobře sedí,1
"Jsou skvělá,",1
driv hrali dobre,1
hraji potichu i na max hlasitosti a vubec nehrajou jsou vadny a chci novy kus,0
zvuk,1
výdrž baterie,1
přepíná písničky,0
"velikost, jsou malinký a padaj mi z ruky",0
nadherny zvuk,1
krasne sedi v usich,1
"pomer cena vykon, vykon urcite vyhrava",1
super zvuk,1
"Produkt si vybrala dcera, jsou prý nejlepší :-)",1
"Měl jsem Huawei Free Buds 4i,a s těmito se to nedá srovnávat. Pro mě skvělý zvuk.",1
Blbě mi drží v uších.,0
Dobrý zvuk,1
Byla jsem zvyklá na poklep,0
Super,1
Perfektni,1
Mega super ,1
Výborný,1
Zvuk výrazně lepší než AirPods 2,1
Dobře sedí v uších,1
Okamžitá odezva,1
Prakticky malé,1
Dobrá výdrž na baterii,1
Rychlé nabíjení,1
Jsem nadšená je to kvalita.,1
skvěle padnou,1
Priestorový zvuk,1
Technológia,1
Frekvencie nad 7000Hz sú prehnané,0
Vďaka prehnaným výškám všetky možné plusy sa stávajú irrelevantným,0
Zážitok z počúvania hudby sa nekoná,0
Každým novým modelom sa zdá byť lacnejším a menej kvalitným produktom,0
Super zvuk,1
Apple produkt,1
Cena,0
cena,1
konektivita,1
prostě fungují jak je u applu zvykem,1
jiné značky mají kvalitnější audio,0
Zvuk,1
Oproti konkurenci suprove sedi a netlaci,1
Funkce pouze s iPhonem,1
Konektivita,1
Skladnost,1
kvalitní zvuk,1
dobře sedí,1
dobré stereo,1
"Skvělý zvuk, jednoduché párování se všemi zařízeními Apple, malinká a účinná krabička, dobrá výdrž nabití",1
Hrajou mega hezky,1
Cena,1
Slušný zvuk,1
Zvuk,1
Kvalitní výrobek,1
Rychlé dobíjení,1
zvuk,1
zavírání víčka zní dost lacně,0
víčko se kíve,0
Zvuk,1
Špatně drží v uších,0
Super kvalita zvuku,1
Kvalitní zvuk,1
Rychlé nabíjení,1
Kompaktní malé pouzdro,1
V uších drží dobře,1
Nelze bezdrátově nabíjet,0
Nic moc funkce,0
Kvalita zvuku,1
Propouští dost zvuku při nízké hlasitosti,0
Prostě ,1
Hrají opravdu skvěle,1
Jsou malé,1
Jsem spokojená,1
Malá krabička která se vejde všude,1
Nemám,0
"Super zvuk ,drží v uchu",1
Rychle se nabíjejí,1
Cena,0
Ovládání gesty,1
Rychlé párování s iPhonem 15 Pro Max,1
Dobrá kvalita zvuku,1
Dobrá kvalita mikrofonu při hovoru,1
Kvalita zvuku,1
"Špatně drží v uchu, cena",0
Skvělý zvuk! Oproti předchozím airpods2 neporovnatelné.,1
Lépe sedí v uších,1
Prostorový zvuk,1
Kompaktnější design a menší pouzdro,1
Ovládání poklepáním u airpods2 mi přišlo lepší,0
Zvuk,1
Komfort,1
Ekosystém,1
vydrz baterie,1
Skvěle hrajou i sedí.,1
Dobře mi sedí v uších,1
Nepadaji mi z uších při sportu,1
Dobrá hlasitost,1
Dobré basy,1
Nic,0
"Perfektně sedí v uších, hrají skvělě a to malé pouzdro je super :D",1
Zvuk,1
Vzhled,1
Propojení,1
Mikrofon,1
Funkce,1
"proste sqele sluchatka, jen skoda toho chybejiciho noise cancellingu",1
Super zvuk,1
sedi hezky v uchu,1
kolem je vše slyšet. kupte s ANC,0
Uzasny zvuk🤍,1
Skvele drzi v usich,1
Kvalita zpracování a zvuku,1
"Vratil jsem a koupil si 4 s aktivním potlačováním hluku, ktere maji i rezim propustnosti, diky kteremu se s nimi telefonuje jeste lepe (ale komu to staci, tak nemam co vytknout)",0
Dobré hraji,1
Bohužel jinak velké zklamání,0
"Ovládání dost nešťastné , poklepání bylo praktičtější",0
Dobrej zvuk,1
Jsou super 🙂,1
Nic,0
"Super připojení, dobrý zvuk a mikrofon pro telefonování",1
"Vůbec mi nedrží v uchu. Zkoušel jsem různé polohy 2 dny a nic, musel jsem je vrátit",0
"Prijemné, super hrají, ideál👌🏻",1
Jeste nejsou pouzdra k dostání 😁,0
kvalitní poslech,1
miniaturní balení,1
automatické párování,1
USB-C,1
mohli by trošku snížit cenu jinak OK,0
Zničená a špinavá krabička,0
Kvalitní zvuk,1
Komunikace se zařízeními Apple,1
"Již má 3. sluchátka Apple, dosud jsem nebyl spokojen s krátkou životností baterie. Tak uvidíme.",0
"Zdá se mi, že nejdou lehce vyndat z pouzdra",0
kvalitní zvuk,1
snadné připojení i k androidu,1
dlouhá výdrž,1
nesedí až tak dobře v uších,0
Kvalita zvuku,1
Cena,1
Propojenost mezi apple zažízeními,1
Kvalitní zvuk,1
Dobře sedí v uších,1
Po delším poslechu nebolí uši,1
"zatím nic, splňují očekávání",0
Kvalita zvuku,1
Použitelnost,1
Dobře sedí,1
Hlasitost,1
Zvuk,1
Sedí perfektně v uších,1
Přijímání/odmítnutí hovorů pohybem hlavy,1
připojují se rychle,1
je přes ně lépe slyšet než přes 1 gen airpody,1
špatné spojení s iPhone XS (při hovoru volající slyší sám sebe),0
nelze pravým sluchátkem vrátit skladbu o jedno zpět,0
"chybí mi ""ťukání"" pro vyvolání funkce jako u 1gen",0
Velikost balení,1
Usb-C,1
Prostorovy zvuk/ sledování pohybů hlavy,1
Cena/ výkon,1
Při zapnutí funkce najít zařízení reproduktory hrají na 50% hlasitosti. (Se zakrytou horní mřížkou hrají mnohem hlasitěji),0
Zvuk super,1
Nic,0
Fajn sluchatka do skoly atd,1
Cena nicmoc,0
perfektní,1
"skvělý tvar, dobře sedí",1
Perfektní hudba,1
Nejdou slyšet ven,1
"super , USB C",1
"Sedí super, odolnost",1
Fantastcky zvuk,1
Prostě Iphone a sluchatka jsou bez konkurence,1
K Iphone 15 konečně jeden kabel. Čekání se vyplatilo,1
Nic,0
"Velmi lehké, v uchu je prakticky necitim",1
Malé,1
Dobrý zvuk,1
USB-C,1
nádherný zvuk,1
moderní,1
apple,1
kompaktní,1
špatně drží v uchu,0
"Dobra kvalita zvuku, dlhá vydrž batérie",1
rychlost dorucenia,1
cena,1
všetko v pohode,1
zvuk je dobry,1
doručenie meškalo 3 dni naviac,0
"dokonalo sedia v ušiach, ani nich necítim",1
úžasné funkcie,1
kvalita zvuku,1
kvalita výrobku,1
batéria dlho vydrží,1
nebolia z nich uši,1
splnili očakávanie,1
kvalita,1
nesedí perfektne v uchu,1
kvalitný zvuk,1
vyborny produkt,1
rychle dorucenie,1
výdrž baterie jednoduchost a dokonalosť,1
Potlačenie okolitého hluku,1
perfektne sa drzi v usiach,1
lahko sa ovlada,1
Ok,1
Odporúčam,1
Veľmi spokojný čo sa dá iné čakať od Apple,1
Mohlo by to byt aj horsie...,1
"Nekvalitny zvuk, ako z tunela. Airpody 2.generacie maju ovela kvalitnejsi zvuk. Skusala som rozne nastavenia, ktore radili na internete, ale nepomohlo. Moje ocakavania nesplnaju, vraciam.",0
Perfektný zvuk,1
Nič,0
Hrajú pekne,1
Šikovné balenie a case,1
"Vo fitku sa často stane, že sa náhodne odpoja a znovu pripoja k mobilu. Mám pocit, že to robí keď je naokolo veľa iných AirPod zariadení (nejaký problém s Bluetooth pásmom)",0
Na Androide neukazuje stav nabitia,0
Parada,1
super zvuk,1
dobré ovládanie,1
výdrž batérie,1
"oveľa menšie, ako 2. generácia - ťažko si ich vyberiem z krabíc",0
furt vypadávajú z ucha,0
"nabíjacia krabica sa mi zdá za nekvalitnú - uvidíme, koľko vydrži",0
nemajú silikón,1
Všetko v pohode,1
Nič,0
rýchle párovanie a nabíjanie,1
"cheap krabička pre airpody, vŕzga a viečko sa moc hýbe do strán, oproti mojím starším airpods je krabička znateľne nekvalitnejšia",0
"zvuk je zašumený a nečistý, bassy sú neexistujúce pri týchto slúchatkách",0
low budget konštrukcia,0
vypadávajú z uší (absolútne pri každom pohybe pomaly),0
Vyhovujú fungujú zvuk je super,1
Nie je,0
super zvuk fakt kvalita,1
"Špinavá krabička, neviem kde to skladovali",0
"Vyborny zvuk, parovanie",1
dobrý zvuk,1
dlhá výdrž,1
nedržia až tak dobre v ušiach,0
Dobra kvalita hudby. Treba si zvyknúť ze je to iba tvrdý plast a nemusí to na 100% sedieť každému. Preto maju PROčka silikóny.,1
Splna vsetky pisane parametre 👍🏻,1
mne osobne nevypadavaju,1
dobry zvuk,1
"dobry mikrak, len napr. na discorde je to naprd kvalita",1
"hapticke tlacitko je v poho, mohlo by byt trosku inak ale umiestnene",1
"cena, za taku cenu by som mohol mat aj 10 random slucahdiek aku su tieto aj s podobnou kvalitou",0
vyborne vsetko,1
nic zle,0
Perfektný zvuk,1
Držia celkom dobre,1
Ovládanie gestami hlavy,1
Vydrž batérie,1
USB C,1
Cena,1
Zvuk (výrazné basy),1
Výdrž batérie,1
Spracovanie,1
USB-C,1
Dobre sedia,1
Cena,1
Cena,1
Prekvapivý zvuk,1
Kednoduchost,1
pohodlne sedia ,1
"lepsia zvukova charakteristika,oproti modelu 2019",1
usb-c,1
Hraju genialne,1
Odporúčam,1
Nemaju nabijací kábel,0
vše ok,1
nic,0
"Cena vs výkon je neskutečná, jsou skvělé",1
spousta funkcí,1
kvalita zvuku,1
anc,1
snímání ucha,1
"pouzdro se velmi lehce poškrábe, poškrabal se mi i při běžném nošení v kapse, doporučuji nějaký obal",0
zvyknout si na pecky,0
"kúpil som, pretože sú to jediné sluchádlá s potláčaním hluku bez štuplov do uší",1
veľká spokojnosť,1
"niekedy trochu počuť okolo, keďže tam nie sú štuple do uší a nevyplnia tak priestor",0
dárek pro sestru,1
potlačování hluku funguje bezvadně,1
dlouhá výdrž baterie,1
Vyborna kvalita. Splnilo ocekavani.,1
Ok,1
"plni svou funkci, jdou prozvonit",1
Výborný zvuk,1
Skvělé ANC vzhledem k otevřené konstrukci,1
Vyšší cena,0
hrají skvěle,1
odhlučnění super,1
"nedopuručuji se dál vzdalovat, zvuk se seká",0
Jsou super,1
Nic,0
Okamžité spárování na různých zařízení,1
špatně reaguje ovládání přímo na sluchátku,0
rychle doruceni,1
Výborný zvuk,1
Snadné párování,1
"Spousta funkncí, které ale neumím pořádně ovládat",1
"Tvar sluchátek mi nevyhovuje (kromě řady 2), padají mi z uší, ale to není vada výrobku",0
super hraji,1
basy,1
vzhled premiovy,1
noise canceling super funguje,1
cena,0
nesedi vsem do us,0
kompatibilita s iphonem je senzační,1
kvalita zvuku (nejsou to studiová sluchátka ale hrají dobře),1
kvalita zpracování ANC,1
cena,0
na hluk metra je ANC slabé,0
po první zkoušce ANC je cítit velký tlak. Ale člověk si zvykne.,0
Super,1
skvělé ANC,1
reproduktor na pouzdru,1
find my,1
adaptive mód,1
výdrž na baterii s ANC,0
malá velikost pouzdra na použití magsafe,0
trochu nezvyklý zvukový profil,0
Po půl roce používání reklamujeme.,0
Kvalita zvuku,1
Pohodlí,1
Výdrž,1
citelně slabší ANC oproti Pro,0
"preferuji špunty u verze Pro, lépe drží při sportu",0
Vysoká kvalita produktu,1
Cena je vzhledem k nabízeným vlastnostem příliš vysoká (neplatí pro Alza box),0
proste apple,1
nejlepsi zvuk,1
mensi nez minula generace,1
zadne,0
malé a lehké,1
hrají docela dobře (takže za 3 :),1
nedrží moc v uchu,0
"ANC ani nevíte, že tam je!",0
vydrž sluchátek,0
Perfektne sedí,1
Skvěle hraji,1
Bez nutnosti parovani. Jde to automaticky,1
"Casto je pouzivam na telefonni hovory a i kdyz jsem dal od telefonu, tak me druha strana slysi skvele",1
Proste Apple,1
Cena,0
Zvuk hovorů,1
Integrace s Apple zařízeními,1
cena,0
Hledal jsem až jsem našel..😀,1
Skvělé Basy (Naprosto Top),1
Propojení telefonu iPhone 16 Pro a sluchátek hned po otevření krabičky.,1
Lehoučké (ani nevíte že je máte)..👍,1
Bezdrátové nabíjení,1
Elegantní...(super tvar),1
dobře drží v uších,1
výdrž baterie,1
kvalita mikrofonu/potlačovaní zvuku,1
kvalita zvuku,1
"AirPody mi skvěle sedí v uších. Potlačení okolního hluku je úplně pecka. Cena je velmi dobrá. Nastavení je stabilní a funguje bez problémů. Jsem spokojený, děkuji a přeji Alze pěkný den.",1
-,0
Super ANC. Funguje i bez špuntů.,1
Možnosti nastavení.,1
"Vysší cena, ale to je Apple.",0
Seems to be fishy,0
I think components are changed,0
Krásně hrajou,1
Dobře drží v uchu a nebolí z nich uší .,1
Dobré potlačení hluku,1
Nic,0
Zvuk,1
ANC,1
Cena,0
Bezdrátové navíjení,1
Potlačení šumu funguje bezchybně,1
ANC,1
Lze hledat jednotlivé AirPody dle polohy,1
Horší kvalita zvuku ve srovnání s verzí 2019,0
Nevyhovují mi tlačítka,0
Dobrý ,1
Hezký,1
všechno super,1
"funkce, gesta",1
zvuk,1
ANC - fakt bomba pro někoho jako já kdo nemá rád špunty a skvělý že se to dá vypínat a zapínat..,1
bezdrátové nabíjení,1
jako mohlo by to být levnější to jako jo no... 4500 za sluchátka je dost,0
Funkčně výborné,1
Nesedí mi v uchu tak jako gen 2,0
rychlost dodání,1
Detektor pohybu hlavy,1
Komfortní ovládání,1
Vynikající zvukové podání ,1
Spousta možností nastavení ,1
Vyhledávání sluchátek i v místnosti ,1
Potlačení okolního hluku je fascinující,1
Vypadají prestižně,1
Foukání slabého větru lze strašně slyšet,0
"Chybí špunty, takže máte pocit, že mohou snadno vypadnout z uší a neodhlučňují tak dobře jako špuntové",0
Ve Windows i když máte Apple Music tak se písnička nepauzne automaticky po vyndání z uší,0
Skvěle sedí v uších,1
Povedeně filtrují vnější zvuky,1
obával jsem se aby mi seděly ale zbytečně,1
sedí skvěle,1
občas se mi vypínají z důvodů detekce v uchu ale jde to vypnout,0
Super zvuk,1
Kompatibilita Apple ekosystém,1
Cena,0
dobře mi drží v uších,1
dobře hrajou,1
dobrý ANC,1
"na to že jsem přešel z Apple Airpods gen 2 , tak jsem od toho čekal víc",0
"potlačování hluku skoro vůbec:(, ve vlaku mezi lidmi skoro nepoužitelné",0
vypadávají z uší,0
skvělý zvuk,1
pohodlně se nosí ( v porovnání s SONY peckama nesrovnatelně komfortnější),1
výborný (překvapivě funkční) ANC,1
hezká integrace do Apple prostředí ( připojení ovládání ...),1
cena,0
cena,0
cena,0
super zvuk,1
Nic,0
poměr cena/kvalita top,1
Skvěle hrají,1
Super potlačování hluku,1
Doporučuji všema 10😃,1
"Samozřejmě potlačování hluku není 100%, já třeba využívám Adaptivní režim, z úplného potlačení hluku by člověku bolela hlava.",0
Nemám žádné zápory:),0
"Super pohlcování hluku oproti starým airpods, ale chápu, že to není nic nového, subjektivní pocit",1
Výdrž ujde,1
Ucházející tvar,1
oproti starým airpodům mi jsou nepříjemné cca po 3 hodinách používání a začnou trochu tlačit,0
funkční dle očekávání,1
Celkově hrají velmi pěkně,1
Luxus design,1
Nejlepší sluchátka pro telefon,1
APPLE,1
Slušné basy na špunty,1
Nic,0
Perfektní z zvuk,1
Dobře sedí v uších (každému sedí jinak),1
malá nabíjecí krabička,1
Když člověk jede autobusem a ten autobus trosku poposkočí tak trochu více propouští hluk z okolí (ANC),0
zvuk dobrej,1
"měl jsem airpods 2 pro a řekl bych že airpods 4 anc jsou lepší, jsou menší a líp sedí v uchu",1
skvělý zvuk,1
Mě sluchátka tlačili v uších po delším používání.Vracel jsem a kupoval AirPods 2 Pro. ,1
hrají skvěle,1
Apple,1
Nesedí v uších ale to je jen můj problém,0
Za me velmi kvalitní sluchátka. Perfect zvuk.,1
Skvělé potlačení okolního ruchu.,1
Moc dobře nedrží v uchu. Je zapotřebí davat pozor.,0
Celkem bych privital taky jinout barvu.,0
"Odpovida popisu, zadny problem",1
Zvuk,1
potlačování okolních zvuku,1
Dlouhá výdrž baterie,1
Potlačování hluku,1
detekce hlasu,1
krásný zvuk,1
Jednoduché a rychlé ovládání,1
Super funkce tlumení,1
zvuk,1
překvapivě potlačení hluku,1
cena ale u applu očekávané,0
"ANC funguje, tak jak ma",1
transparent mode taky,1
krabicka ma reproduktory a dobre find my,1
spacial audio,1
"krabicka takova klikava, vicko se trochu kinkla",0
"sound leakage, obcas lide slyseli, co jsem poslouchal, ale bude to tim, jake usi mam",0
"obcas me z nich bolely usi, ale to je osobni preference",0
Skvěle komunikuje s produkty od Apple,1
Přesně mi padli do uší,1
Výborný zvuk,1
Potlačení šumu funguje bezvadně,1
Cena,0
Super,1
Pohodlné v uších,1
Tlumení hluku skvělé,1
Zvuk skvělý,1
Moderní design,1
Výborný zvuk,1
Skvělá integrace s iPhonem a Macam,1
Skvělý zvuk,1
Poměrně dobré ANC,1
"Bohužel mi neustále vypadávaly z uší, vráceny",0
Pěkně  malé,1
Zvukový projev,1
Profily,1
Noice isolation,1
Dobře sedí,1
Potlačování zvuku je skvělé,1
Krásně sedí v uších,1
Neodstávají,1
Zvuk nejde zvyšovat a snižovat přímo na sluchátkách,0
ANC - yessir,1
tvar - yessir,1
zvuk - yessir,1
cena - ok. mohla být lepší,1
"je mi fajn, je mi skvěle, jsem zdravý duch ve zdravém těle",1
cena :(,0
cena :(,0
cena : vzhůru k výškám,0
výborný zvuk,1
super propojení s Apple produkty,1
potlačování zvuku,1
nedrží úplně nejlépe v levém uchu i po zakoupení silikonových obalů,0
"Po hodině používání bolest uší, ale to je asi o zvyku",0
fungují výborně dle očekávání,1
"i přesto že má potlačování hluku jemné nedostatky, tak na pecky velice slušný výkon",1
vynikající kvalita při telefonování,1
"mám pocit, že mi 2. generace lépe držela v uších",0
poklepání pro přepnutí skladby bylo podle mě lepší než mačkání,0
dobře tlumí hluk v letadle,1
pohodlné v uších,1
skvělý zvuk,1
užitečné funkce navíc,1
Zvuk,1
Dobře sedí v uších,1
Vyšší cena,0
"Hraji krásně, ale mě vypadávaly z uší. Takže spíše doporučuji PROčka.",0
zvuk,1
potlačení zvuku,1
sedí perfektně v uších,1
"Bál jsem se zvuku, ale je super. Umí hrát i nahlas. ",1
"Aktivní potlačení hluku u sluchátka bez ""špuntu"" je fakt pecka.",1
Žádné dunivé zvuky při chůzi a nebo při mluvení. Absolutně o nich nevíte. ,1
Perfektně přenáší okolní zvuk při otevřeném režimu. ,1
"Automatické ztlumení při rozhovoru dost pomáhá při konverzacích, kde nemusíte vyndávat sluchátka z uší.",1
vcelku rychlé dobíjení v pouzdře,1
"Konečně chápu, proč nosit jen jedno sluchátko a dává to smysl.",1
"výdrž je ""až"" 5 hodin, ale ve skutečnosti je to méně. Ale to je i tím, že hodně telefonuji a sluchátka musí vysílat obousměrně.",0
Krasný zvuk,1
Sedí v uších,1
Mala krabička,1
Žádné,0
SUPER DESIGN,1
SKVELE FUNKCE,1
CISTY ZVUK,1
DRŽÍ V UŠICH,1
LOKALILIZACE MISTA,1
Sedí mi skvěle,1
ANC funguje dost dobře,1
"Nedá se ovládat hlasitost na šťopce!!! Nechápu. Musíte šáhnout po telefonu, řict siri nebo na hodinkách, jestli máte",0
Krásně sedí v uších,1
Vydrží dlouho nabité,1
Rychle se nabíjí,1
Potlačení hluku nic moc,0
Potlačení hluku,1
Malá krabička,1
Levé sluchátko pořád vypadávalo,0
Skvelý priestorový zvuk,1
Velikost,1
Vydrz,1
Zaťom nic,0
perfektně pasují do uší,1
vše funguje jak má,1
Na pecková sluchátka mají skvělý zvuk.,1
"Výhoda je, že se dají nosit déle než špuntová sluchátka.",1
Ani po delší době nošení v uších nijak nevadí.,1
"ANC funguje naprosto perfektně. Je třeba si uvědomit, že jsou to pořád pecky, tak zvukový útlum není takový jako u špuntů, ale i tak je skvělý.",1
"ANC funguje velmi dobře jak v metru, tak i v letadle. Lze poslouchat i mluvené slovo.",1
top,1
zadne,0
"Sedí v uších stejně dobře, možná i trochu lépe než první generace",1
O poznání lepši basy než gen1,1
Na ovládání stisknutím namísto poklepání jsem si zvykl rychle a je lepší,1
ANC funduje dobře,1
Bezdrátové nabíjení je velmi pohodlné,1
Možnost krabičky přehrát zvuk při hledání,1
Za mne je to po Mac Mini TOP produkt Applu v roce 2024,1
vše vyžadované,1
nic,0
"Dokonalý zvuk, potlačení okolního hluku",1
Dobře sedí,1
Výborný zvuk,1
Rychle propojení s mobilem,1
Parádně sedí v uších,1
ANC je kupodivu použitelné,1
velikost,1
"ovládání stiskem (občas máte pocit, že si je vytáhnete z ucha)",0
maximální spokojenost,1
jen tak mi sluchátka nesedí- jsou ideální i pro malé uši,1
ANC funhuje pěkně,1
Skvělý zvuk,1
Noice cancellation funguje parádně,1
Spokojenost vlastně se vším,1
"Nedrží moc dobře v uších, ale to je spíše individuální",0
Super zvuk a sedí dobře do ucha skoro všem co je zkoušeli,1
slušné ANC vzhledem ke konstrukci,1
zabudovaný čip pro hledání,1
Vše v pořádku,1
super žádné problemy,1
krásný zvuk a dobré potlačení zvuku,1
rychle se podřou potřeba obal,0
skutečně potlačuje okolní hluk - v metru či tramvaji můžete poslouchat mluvené slovo.,1
Velmi pohodlné,1
Zvuk na pecky v pohodě,1
"Noise cancelling funguje, ale je subjektivně poloviční oproti Pro 2",1
Ve všem horší oproti Pro 2,0
Chybí mi volume up/down jako má Pro 2,0
Chybí čip pro přesné vyhledávání,0
Kvalita zvuku,1
ANC,1
Tvar,1
Bezdrátové nabíjení pouzdra,1
ANC zkresluje kvalitu zvuku,0
Aktivni potlačení hluku,1
Nic,0
Super zvuk,1
Není slyšet okolní svět,1
Apple,1
Cena,0
Překvapivě skvěle fungující ANC,1
Dobře drží v uchu,1
Bezdrátové nabíjení,1
Menší krabička než u předchozí generace,1
Design,1
Zvuk krytu je docela otravný a nedá se vypnout,0
Zvuk,1
ANC nepochopitelně dobré,1
Malá krabička,1
Snadno padnou do ucha,1
"Občas je přestanu cítit v uchu (což je asi spíš plus, ale poprvé jsem se leknul, že mi jedno vypadlo)",0
Uřvaná krabička (v nastavení lze vypnout),0
na “bezšpuntová” sluchátka velmi dobré potlačení hluku,1
"lépe v uchu sedí, než předchozí generace",1
skvělá kvalita zvuku,1
Ideální na cesty,1
Zvuk,1
ANC,1
Propojeni s iphone,1
Nastaveni,1
"Bude to muj problem, ale proste nedrzi v usich",0
Proste Apple,1
Funguje jak ma,1
Cena,0
"Trojky mi sedej lepe, ale ucho si snad zvykne",0
ANC,1
Ekosystém Apple,1
"Aktivní potlačení hluku je važně skvělé, při prvním použití jsem se lekl jak najednou vše ztichlo 😁",1
Cena,1
Dokonalý zvuk,1
Telefonovalní,1
Chybí napájecí kabel,0
Super a obzvlaste potlacovani hluku s dalsi nove funkce,1
Zatim nic,0
Kvalita,1
Funkce,1
Cena,0
Jsem ze sluchátkama spokojená určitě bych si je koupila znova výhoda je že z uší nevypadají a mají protihlukový zvuk a jsou boží,1
ANC je super,1
Lépe sedí do ucha,1
Sama se mi mění hlasitost,0
ANC docela funguje,1
Zajimavé funkce stereo atp,1
"Velikost. Oproti 2 jsou obří a strašně mě tlačily, hlavně horní okraj. Měl jsem pocit řezání. AirPods2 mi krásně sedí.",0
Ovládání je přes plošky. Již ne přes vibrace/bouchání,0
"Za mě je ve zvuku slyšet velký zásah čipu v pozadí, zvuk není tak přirozený, aspoň na moje ucho",0
Krabička je fakt pidi. Blbě se vyndávají.,0
funkční ANC,1
možnosti vypnutí ANC,1
dobra kvalita zvuku,1
bezdrátové nabíjení,1
tlak do usi ktery vytvari ANC – pocit zalehlých uší,0
nesedí perfektně jako staré klasické airpods,0
nemožnost poklepání,0
přijde mi ze zvuk nejde pořádně do uší,0
pecky jsou větší než u klasických aipords,0
dobře sedí v uších,1
kvalita zvuku při NAC,1
velmi dobré a rychlé přepínaní mezi Apple produkty,1
horší NAC než AirPods PRO,0
vyšší cena,0
Skvělý zvuk,1
Zapnutí/vypnutí funkce potlačení hluku jedním klikem na sluchátku,1
Automatické vypnutí hudby při promluvení,1
Dobré potlačení hluku,1
překvapivě funkční ANC,1
malá krabička,1
zvuk,1
kvalita hovoru,1
Find My,1
reproduktor v pouzdře,1
detekce konverzací,1
automatická hlasitost podle prostředí,1
"ANC občas divně ""zalehne"" uši",0
sluchátka se hůř vyndavají,0
chybějící MagSafe,0
pouzdro působí dost levně,0
krásně sedí v uchu,1
rozhodně lepší než pro a třetí generace,1
velmi dobře izolují okolní prostor,1
velké možnosti v nastavení,1
"jsou velmi dobré, ale stále mě nepřesvědčili o ponechání, jdu si opět koupit 2. generaci airpodů, které sice mají své neduchy, ale pro mě osobně jsou nepřekonatelné",1
"dost ""žerou"" baterky",0
"mám obavy, že velmi rychle bude klesat kapacita baterek a samotné dokovačky",0
nelze poklepem přijmout hovor a další skladba,0
v zimě si budu muset sundat rukavice při příjmu hovoru,0
"nesmí se dostat voda do boční venkovní krycí mřížky, pak to strašně ruší",0
"velká citlivost na rušení a ""mazání"" signálu",0
"Moje první airpody. Jsem spokojen. Skvěle padnou do uší, mají super zvuk. USB-C nabíjení, bezdrátové nabíjení.",1
"Trochu mě štve, že nemají možnost ovládání hlasitosti.",0
Super! Kvalita,1
odpovidajici kvalita zvuku,1
opravdu dobre drzi v usich,1
usb-c,1
pocit na usich jako s uzavrenymi sluchatky se silikonem,0
tlak do usi ktery vytvari ANC nemusi vyhovovat kazdemu,0
na Androidu dost orezane funknce,0
spatne se vyndavaji z krabicky,0
zvuk jen o chlup lepsi nez dvojky,0
Lehoučké,1
NFC super,1
Za mě i zvuk OK,1
Uvidime jak dlouho vydrží baterie,0
Pocitově ANC odfiltruje asi 60 % okolního ruchu,1
"Přecházím z AirPods 2, zvuk je výrazně lepší",1
Mnohem více nastavení proti starým AirPodům,1
Sluchátka umí detekovat rozhovor a ztiší hudbu,1
Bezdrátové nabíjení pomocí Apple Watch nabíječky,1
Špinavá a promáčklá krabička na několika místech z Alzaboxu,0
"Za mě trošku překvapení, že sluchátka už nereagují na poklepání, ale mají tlačítka",0
Super sluchatka,1
Vysoka kvalita,1
Nemůžu připojit s windows,0
Comfy,1
"Pokud clovek pouziva ANC na vecer/spani, tak tyhle sluchatka nejsou pro nej",0
sedi mi daleko lépe než AirPods 3 (jsou méně objemné),1
menší pouzdro než u AirPods 3 i 2,1
nabíjení přes nabíječku k Apple Watch (PECKA!!),1
USB C,1
basy daleko lepší a hlubší,1
lepší magnet na okamžité uchycení AirPods než u 3.generace při vkládání do pouzdra,1
vydrží o hodinu méně než AirPods 3,0
"tím, že je pouzdro menší, tak si musím najít grif, jakým sluchátka snadněji dostanu ven",0
"Hraji hezky, tak jak jsem zvykly",1
ANC je velmi prijemne,1
Strasne spatne se z pouzdra vytahuji.,0
Design,1
Skvěle sedí v uších,1
Gesta,1
Zvuk,1
Cena,0
Absence kabelu,0
Zvuk,1
Možnost přitlumit okolí,1
Možnost ovládání gesty,1
Špinavý obal,0
Kvalita zvuku,1
Cena,1
ANC i když to nejsou špunty,1
Detekce hlasu,0
Velmi dobrý zvuk,1
"Ač jsem zvyklý na verzi Pro, dobře drží v uších",1
"V podstatě AirPods Pro, ale mnohem pohodlnější (pokud vam tedy padnou do uší)",1
Výborná kvalita zvuku,1
"Podpora ANC (trochu horší nez AirPods Pro, ale stále velice dobře funguje)",1
Super kompaktní pouzdro,1
Nepodporuje nastavení hlasitosti swipem jako AirPods Pro,0
Není nabíjecí kabel v balení,0
Cena,0
Zvuk super,1
Velice dobre sedi v usich i pri sportu,1
Parovani,1
"Slabsi ANC, ale ocekavany vzhledem ke konstrukci",0
velka spokojnost,1
super do telocvične,1
cena,1
kvalita zvuku,1
spracovanie produktu,1
výdrž batérie púzdra a aj samotných slúchadiel,1
Dobre podplácanie hluku,1
Výpadavaju z uši,0
Top!,1
dobre sadnu do ucha,1
kvalita zvuku,1
vydrz,1
proste apple kvalita dobra ako vzdy,1
anc postacujuce na kazdodenne pouzivanie,1
anc by sa dalo este vylepsit,0
kvalita,1
dlhá výdrž,1
intuitívne ovládanie,1
Lacná cena + kvalita,1
vyborny zvuk,1
hlboka integracia s apple - napr moznost ovladat listening modes zakladnym ovladanim mobilu,1
nesedeli mi v usiach pri behu ci pohyboch hlavy. odporucam stuple,0
drahe,0
boleli ma z nich usi (neviem ako to je ak sedia lepsie ale mna boleli - dalo sa to vydrzat ale nie je to ako mat makke sluchadlo),0
aktívne tlmenie zvuku funguje super,1
kvalitny zvuk,1
gestá na ovládanie,1
tvar je o dosť nepohodlnejší ako pri generácii 2,0
Skvelá kvalita,1
ANC bez stuplov je trošku horšie ale napriek tomu stále super feature.,0
"dlhšie som váhal ci zainvestovať do airpodov ale neľutujem,sice som prechádzal z 20€ sluchadiel z aliexpressu ale nečakal som až taký rozdiel ,tieto 4ky s ANC sú skvelá voľba,mne osobne sadli do ucha ako uliaté",1
Výborný zvuk aj potlačenie šumu,1
zvuk je ok na to že nemajú štuple,1
oplatí sa priplatiť za ANC a ďalšie vychytávky,1
cenovo dostupná kvalita,1
"pravé ucho mám iné, horšie mi tam sedí a chcelo by vypadnúť pocit",0
spokojnost,1
príjemne sa nosia,1
dobrá výdrž,1
dlha vydrz,1
Som spokojny,1
Pohodiacka,1
Neni az take silne potlacanie hluku,0
"Kvalitny zvuk a všetky funkcie ,ktore sluchatka majú",1
Občas sa straca spojenie ,0
Nie každemu musí vyhovovať ovladanie sluchatiek 2jitým stlačením. Mne viac vyhovoval dvojdotyk na starych airpodoch. ,0
Pri potláčani šumu je tam nejake 2 sekundove oneskorenie pri tom ako sa ztíši hlasitosť keď s niekym rozprávate,0
Baterka vydrži kratšie ako na starých airpodoch,0
Výborne mi sadli do uší,1
"kvalita zvuku, potlačenie zvuku velmi dobré",1
Lahka pripojitelnost,1
Dobre sedua v usiach,1
Dobry zvuk,1
Dlha vydrz a rychle nabijanie,1
Puzdro,1
Mne osobne sedia v usiach aj pri fyzickej cinnosti,1
Noise cancelling za mna super,1
Kvalita zvuku,1
"Apple ekosystem, ktory je naozaj funkcny narozdiel od androidu",1
Trosku mozno vydrz baterie s ANC,0
"Skoda, ze sa nevyrabaju v ciernej, lebo ich mavam casto spinave",0
"Popravde budu lepsie airpods pro ale ti, ktori nemaju radi spunty ako ja je toto jasna volba",0
super fit do ucha,1
"všetci počuli čo počúvam, hluk",0
Vysoká cena,0
Pomer ceny a kvality ANC,1
Veľa rôznych režimov,1
Výdrž batérie je slabšia ako som očakávala,0
Kvalita za rozumnu cenu,1
Kvalita zvuku,1
ANC ( aktívne potlačenie hluku ),1
Horšie sa vyťahujú z púzdra,0
Veľmi rychle dodanie,1
ANC,1
Váha - rozmer,1
Škála Hz by mohla byt aspon od 10Hz - 20kHz,0
Vsetko,1
Trošku rozlingane puzdro,0
˙,0
zvuk,1
noise canceling,1
bateria,1
nic len vam nemusia drzat v uchu treba pred kupou vyskusat,0
Kvalitný zvuk,1
Potlačenie okolitého šumu,1
Dlhá výdrž baterie,1
ťažko sa vyberá z puzdra,0
"oproti predošlej verzii, slúchadla sú väčšie nedržia sa tak dobre v uchu",0
ANC - tu Apple spravil fakt dobru robotu.,1
Sedia perfektne oproti iným možnostiam.,1
Prepojenie s Apple ekosystémom.,1
Cena.,0
Nemá funkciu zvyšovania a znižovania hlasitosti v slúchadkách.,0
"Krabica prišla špinavá, avšak za to Apple nemôže - skôr Alza.",0
sú super,1
zvuk,1
potlačenie zvuku,1
sedia dobre do uší,1
potlačenie hluku,1
rýchle pripájanie k mobilu,1
zvuk,1
výdrž batérie,1
"basy, kryštálovo čistý zvuk",1
"dizajn, nízka váha a komfort",1
anc,1
žiadne,0
Splnili ocakavania,1
Nic,0
Výborný zvuk,1
Malé rozmery,1
Vymakané 👌👌,1
rýchle dodanie,1
zle zabalené,0
ANC,1
Zvuk,1
Fungovanie s Apple zariadeniami,1
Hmotnosť a veľkosť,1
Lepšie ako Airpods Pro 1. generácie,1
Pohodlnejšie ako Airpods pro,1
Tvar nemusí sedieť v uchu každému,0
Pre niekoho cena,0
"Sikovne , spratne aj s krabickou , perfektna hudba + noise cancelation - pekne potlaca okolity sum/hluk",1
Potlacenie hluku je vyborne,1
Skvelo hraju,1
Nic,0
ANC ,1
Kvalita zvuku,1
Apple ekosystém,1
Cena sa nebezpečne približuje k AirPods pro,0
Ak mate air pods 3 gen. Urcite prejdite na 4 su super pohodlnejsie a lepsi zvuk,1
Lepsie drzia v usiach ako 3,1
Najlepsie,1
Vypadávajú mi z usi,0
Prvý “zážitok” s ANC. Super. Hlavne v MHD.,1
Super zvuk. Oproti Airpods 2 čistejší zvuk a lepšie výšky.,1
Basy ok. Podobné ako pri Airpods 2.,1
Výdrž.,1
Horšie sa vyťahujú z púzdra. Treba si nájsť grif.,0
Trochu tlačia oproti Airpods 2. To je asi daň za ANC. Ale po čase si človek zvikne a už to tak nevníma.,0
Brilantný zvuk,1
Skvelý dizajn a tvar,1
Výborne sedia v ušiach,1
Vydržia hrať celý deň pri občasnom prebití,1
Za 1 rok som ich musel reklamovať 3x,0
Technológia ANC je večne pokazená,0
"Mikrofón na detekciu zvukov prostredia sa do pol roka zanesie, čiže sa pokazí aj zvuk bez ANC",0
"Kto si chce ušetriť nervy, peniaze aj čas, Airpods od apple s ANC NIKDY NEKUPOVAŤ",0
ANC,1
Este lepsi zvuk ako airpods3,1
Mensia krabicka,1
Cena,0
krabicka prisla do alzaboxu spinava,0
Vyborny zvuk,1
Komfortny tvar - pohodlne drzia v usiach,1
"Funkcia aktivneho potlacenia zvuku je super, najma pri cestovani v MHD",1
Nabijatelne puzdro sa rychlo pooskiera,0
Dobry zvuk,1
Kvalita ANC (aj ked nie je dokonala) vyrazne zlepsuje zazitok z pocuvania pri chodzi pri rusnej ceste,1
Sedia dobre do usi,1
Zatial ziadne.,0
hraju super,1
skvele sluchadla za skvelu cenu,1
Super,1
vynikajuci dizajn a komfort,1
vysoka kvalita zvuku,1
bezproblemova konektivita,1
pohodlne ovladanie,1
relativne dlhsia vydrz baterie,1
adaptive transparency mode,1
vyssia cena,0
spinava krabica v alzaboxe - nebola v nicom zabalena,0
vo verzii 4 zatiaľ najlepšie basy,1
dobre sedia,1
anc postačujúce k danej konštrukcií,1
